Financial Benchmarks India Private Ltd,
,
SDL/SGS Tenor AVG YTM,Mon Sep 21 2026 05:30:00 GMT+0530 (India Standard Time)
MATURITY BUCKET,PUBLISHED YTM
1,5.7681
2,6.3171
2027,6.7669
2028,7.0055
2029,7.0938
2030,7.3094
2031,7.4669
2032,7.5188
2033,7.5639
2034,7.6605
2035,7.7467
2036,7.7342
2037,7.7525
2038,7.7671
2039,7.7451
2040,7.8497
2041,7.8543
2042,7.8214
2043,7.7719
2044,7.8967
2045,7.8834
2046,7.87
2047,7.9203
2048,7.8733
2049,7.8513
2050,7.8697
2051,7.888
2052,7.8997
2053,7.8202
2054,7.8202
2055,7.7407
2056,7.8758
2057,7.8758
2058,7.8758
2059,7.8758
2060,7.8758
2061,7.8758
2062,7.8758
2063,7.8758
2064,7.8758